{"cameraMode":{"drawMode":0,"name":"Shaded","section":"Shading Mode"},"sceneLighting":true,"audioPlay":false,"sceneViewState":{"m_AlwaysRefresh":false,"showFog":true,"showSkybox":true,"showFlares":true,"showImageEffects":true,"showParticleSystems":true,"showVisualEffectGraphs":true,"m_FxEnabled":true},"in2DMode":false,"pivot":{"x":440.50299072265627,"y":1045.8685302734375,"z":424.251220703125},"rotation":{"x":0.026677364483475686,"y":0.027584776282310487,"z":0.0007343385950662196,"w":-0.9992740750312805},"size":1028.916015625,"orthographic":false}